,adults,child
mean,0.5,0.75
standard_deviation,0.3496239720744282,0.2951312890636719